area_name,count,percent
Москва,2108713,33.29874
Санкт-Петербург,644114,10.17122
Минск,231330,3.65294
Новосибирск,151775,2.39668
Киев,140490,2.21848
Екатеринбург,138936,2.19394
Нижний Новгород,132234,2.08811
Алматы,126952,2.00470
Казань,124811,1.97089
Воронеж,105241,1.66186
